{
  "setting": {},
  "condition": {
    "plugin": {
      "list": []
    },
    "game": {
      "list": []
    },
    "gamePlugin": {
      "list": []
    },
    "miniprogram": {
      "list": [
        {
          "name": "pages/loginSelect/loginSelect",
          "pathName": "pages/loginSelect/loginSelect",
          "query": "",
          "scene": null
        },
        {
          "name": "pages/index/index",
          "pathName": "pages/index/index",
          "query": "",
          "scene": null
        },
        {
          "name": "pages/userInfo/userInfo",
          "pathName": "pages/userInfo/userInfo",
          "scene": null
        }
      ]
    }
  }
}